study.area,area_season,cover_group,name_study_area,season,body_condition_obs
RR,RR,low,Red Rock,Summer,5
RR,RR,low,Red Rock,Summer,5
RR,RR,low,Red Rock,Summer,5
RR,RR,low,Red Rock,Summer,5
RR,RR,low,Red Rock,Summer,5
RR,RR,low,Red Rock,Summer,5
RR,RR,low,Red Rock,Summer,5
RR,RR,low,Red Rock,Summer,5
RR,RR,low,Red Rock,Summer,4
RR,RR,low,Red Rock,Summer,5
RR,RR,low,Red Rock,Summer,5
RR,RR,low,Red Rock,Summer,4
RR,RR,low,Red Rock,Summer,5
RR,RR,low,Red Rock,Summer,5
RR,RR,low,Red Rock,Summer,5
RR,RR,low,Red Rock,Summer,5
RR,RR,low,Red Rock,Summer,5
RR,RR,low,Red Rock,Summer,5
RR,RR,low,Red Rock,Summer,5
RR,RR,low,Red Rock,Summer,5
RR,RR,low,Red Rock,Summer,5
RR,RR,low,Red Rock,Summer,5
RR,RR,low,Red Rock,Summer,4
RR,RR,low,Red Rock,Summer,5
RR,RR,low,Red Rock,Summer,5
RR,RR,low,Red Rock,Summer,5
RR,RR,low,Red Rock,Summer,6
RR,RR,low,Red Rock,Summer,3
RR,RR,low,Red Rock,Summer,5
AT,AT,low,Adobe Town,Summer,5
AT,AT,low,Adobe Town,Summer,5
AT,AT,low,Adobe Town,Summer,5
AT,AT,low,Adobe Town,Summer,5
AT,AT,low,Adobe Town,Summer,5
AT,AT,low,Adobe Town,Summer,5
AT,AT,low,Adobe Town,Summer,5
AT,AT,low,Adobe Town,Summer,5
AT,AT,low,Adobe Town,Summer,6
AT,AT,low,Adobe Town,Summer,5
AT,AT,low,Adobe Town,Summer,5
AT,AT,low,Adobe Town,Summer,5
AT,AT,low,Adobe Town,Summer,5
AT,AT,low,Adobe Town,Summer,5
AT,AT,low,Adobe Town,Summer,5
AT,AT,low,Adobe Town,Summer,5
AT,AT,low,Adobe Town,Summer,5
AT,AT,low,Adobe Town,Summer,5
AT,AT,low,Adobe Town,Summer,5
AT,AT,low,Adobe Town,Summer,5
AT,AT,low,Adobe Town,Summer,6
AT,AT,low,Adobe Town,Summer,5
AT,AT,low,Adobe Town,Summer,6
AT,AT,low,Adobe Town,Summer,5
AT,AT,low,Adobe Town,Summer,5
AT,AT,low,Adobe Town,Summer,5
AT,AT,low,Adobe Town,Summer,5
AT,AT,low,Adobe Town,Summer,5
AT,AT,low,Adobe Town,Summer,5
AT,AT,low,Adobe Town,Summer,5
AT,AT,low,Adobe Town,Summer,5
AT,AT,low,Adobe Town,Summer,5
AT,AT,low,Adobe Town,Summer,5
AT,AT,low,Adobe Town,Summer,5
AT,AT,low,Adobe Town,Summer,5
AT,AT,low,Adobe Town,Summer,5
AT,AT,low,Adobe Town,Summer,5
AT,AT,low,Adobe Town,Summer,5
AT,AT,low,Adobe Town,Summer,5
AT,AT,low,Adobe Town,Summer,5
AT,AT,low,Adobe Town,Summer,5
AT,AT,low,Adobe Town,Summer,5
AT,AT,low,Adobe Town,Summer,5
AT,AT,low,Adobe Town,Summer,5
AT,AT,low,Adobe Town,Summer,5
AT,AT,low,Adobe Town,Summer,5
AT,AT,low,Adobe Town,Summer,5
AT,AT,low,Adobe Town,Summer,5
FR,FR,low,Frisco,Summer,6
FR,FR,low,Frisco,Summer,5
FR,FR,low,Frisco,Summer,5
FR,FR,low,Frisco,Summer,4
FR,FR,low,Frisco,Summer,5
FR,FR,low,Frisco,Summer,5
FR,FR,low,Frisco,Summer,5
FR,FR,low,Frisco,Summer,5
FR,FR,low,Frisco,Summer,5
FR,FR,low,Frisco,Summer,5
FR,FR,low,Frisco,Summer,5
FR,FR,low,Frisco,Summer,4
FR,FR,low,Frisco,Summer,5
FR,FR,low,Frisco,Summer,5
FR,FR,low,Frisco,Summer,5
FR,FR,low,Frisco,Summer,4
FR,FR,low,Frisco,Summer,5
FR,FR,low,Frisco,Summer,4
FR,FR,low,Frisco,Summer,5
FR,FR,low,Frisco,Summer,5
FR,FR,low,Frisco,Summer,5
FR,FR,low,Frisco,Summer,5
FR,FR,low,Frisco,Summer,5
FR,FR,low,Frisco,Summer,5
FR,FR,low,Frisco,Summer,5
FR,FR,low,Frisco,Summer,5
FR,FR,low,Frisco,Summer,6
PN,PN,low,Pine Nut Mountains,Summer,5
PN,PN,low,Pine Nut Mountains,Summer,5
PN,PN,low,Pine Nut Mountains,Summer,5
PN,PN,low,Pine Nut Mountains,Summer,5
PN,PN,low,Pine Nut Mountains,Summer,5
PN,PN,low,Pine Nut Mountains,Summer,5
PN,PN,low,Pine Nut Mountains,Summer,5
PN,PN,low,Pine Nut Mountains,Summer,5
PN,PN,low,Pine Nut Mountains,Summer,6
PN,PN,low,Pine Nut Mountains,Summer,5
PN,PN,low,Pine Nut Mountains,Summer,5
PN,PN,low,Pine Nut Mountains,Summer,5
PN,PN,low,Pine Nut Mountains,Summer,3
PN,PN,low,Pine Nut Mountains,Summer,5
PN,PN,low,Pine Nut Mountains,Summer,5
PN,PN,low,Pine Nut Mountains,Summer,5
PN,PN,low,Pine Nut Mountains,Summer,5
PN,PN,low,Pine Nut Mountains,Summer,4
PN,PN,low,Pine Nut Mountains,Summer,5
PN,PN,low,Pine Nut Mountains,Summer,5
PN,PN,low,Pine Nut Mountains,Summer,4
PN,PN,low,Pine Nut Mountains,Summer,5
PN,PN,low,Pine Nut Mountains,Summer,5
PN,PN,low,Pine Nut Mountains,Summer,5
PN,PN,low,Pine Nut Mountains,Summer,5
PN,PN,low,Pine Nut Mountains,Summer,5
PN,PN,low,Pine Nut Mountains,Summer,5
PN,PN,low,Pine Nut Mountains,Summer,5
PN,PN,low,Pine Nut Mountains,Summer,5
PN,PN,low,Pine Nut Mountains,Summer,5
PN,PN,low,Pine Nut Mountains,Summer,5
PN,PN,low,Pine Nut Mountains,Summer,5
PN,PN,low,Pine Nut Mountains,Summer,5
PN,PN,low,Pine Nut Mountains,Summer,5
PN,PN,low,Pine Nut Mountains,Summer,5
PN,PN,low,Pine Nut Mountains,Summer,5
PN,PN,low,Pine Nut Mountains,Summer,5
PN,PN,low,Pine Nut Mountains,Summer,5
PN,PN,low,Pine Nut Mountains,Summer,5
PN,PN,low,Pine Nut Mountains,Summer,5
PN,PN,low,Pine Nut Mountains,Summer,5
PN,PN,low,Pine Nut Mountains,Summer,5
PN,PN,low,Pine Nut Mountains,Summer,5
PN,PN,low,Pine Nut Mountains,Summer,5
PN,PN,low,Pine Nut Mountains,Summer,5
LBC,LBC,low,Little Book Cliffs,Summer,5
LBC,LBC,low,Little Book Cliffs,Summer,5
LBC,LBC,low,Little Book Cliffs,Summer,5
LBC,LBC,low,Little Book Cliffs,Summer,5
LBC,LBC,low,Little Book Cliffs,Summer,5
LBC,LBC,low,Little Book Cliffs,Summer,5
LBC,LBC,low,Little Book Cliffs,Summer,5
LBC,LBC,low,Little Book Cliffs,Summer,5
LBC,LBC,low,Little Book Cliffs,Summer,5
LBC,LBC,low,Little Book Cliffs,Summer,5
LBC,LBC,low,Little Book Cliffs,Summer,5
LBC,LBC,low,Little Book Cliffs,Summer,5
LBC,LBC,low,Little Book Cliffs,Summer,5
LBC,LBC,low,Little Book Cliffs,Summer,5
LBC,LBC,low,Little Book Cliffs,Summer,5
LBC,LBC,low,Little Book Cliffs,Summer,5
LBC,LBC,low,Little Book Cliffs,Summer,5
LBC,LBC,low,Little Book Cliffs,Summer,5
LBC,LBC,low,Little Book Cliffs,Summer,5
LBC,LBC,low,Little Book Cliffs,Summer,5
LBC,LBC,low,Little Book Cliffs,Summer,5
LBC,LBC,low,Little Book Cliffs,Summer,4
LBC,LBC,low,Little Book Cliffs,Summer,5
LBC,LBC,low,Little Book Cliffs,Summer,5
LBC,LBC,low,Little Book Cliffs,Summer,5
LBC,LBC,low,Little Book Cliffs,Summer,5
LBC,LBC,low,Little Book Cliffs,Summer,5
CN,CN,medium,Conger,Summer,5
CN,CN,medium,Conger,Summer,4
CN,CN,medium,Conger,Summer,5
CN,CN,medium,Conger,Summer,5
CN,CN,medium,Conger,Summer,5
CN,CN,medium,Conger,Summer,5
CN,CN,medium,Conger,Summer,4
CN,CN,medium,Conger,Summer,5
CN,CN,medium,Conger,Summer,5
CN,CN,medium,Conger,Summer,5
CN,CN,medium,Conger,Summer,5
CN,CN,medium,Conger,Summer,5
CN,CN,medium,Conger,Summer,5
CN,CN,medium,Conger,Summer,5
CN,CN,medium,Conger,Summer,5
CN,CN,medium,Conger,Summer,5
CN,CN,medium,Conger,Summer,5
CN,CN,medium,Conger,Summer,5
CN,CN,medium,Conger,Summer,5
CN,CN,medium,Conger,Summer,5
CN,CN,medium,Conger,Summer,5
CN,CN,medium,Conger,Summer,5
CN,CN,medium,Conger,Summer,5
CN,CN,medium,Conger,Summer,5
CN,CN,medium,Conger,Summer,5
CN,CN,medium,Conger,Summer,5
CN,CN,medium,Conger,Summer,5
CN,CN,medium,Conger,Summer,5
CN,CN,medium,Conger,Summer,5
CN,CN,medium,Conger,Summer,5
CN,CN,medium,Conger,Summer,5
CN,CN,medium,Conger,Summer,5
CN,CN,medium,Conger,Summer,5
CN,CN,medium,Conger,Summer,5
CN,CN,medium,Conger,Summer,5
CN,CN,medium,Conger,Summer,5
CN,CN,medium,Conger,Summer,5
CN,CN,medium,Conger,Summer,5
NH,NH,medium,North Hills,Summer,5
NH,NH,medium,North Hills,Summer,5
NH,NH,medium,North Hills,Summer,5
NH,NH,medium,North Hills,Summer,5
NH,NH,medium,North Hills,Summer,4
NH,NH,medium,North Hills,Summer,5
NH,NH,medium,North Hills,Summer,4
NH,NH,medium,North Hills,Summer,5
NH,NH,medium,North Hills,Summer,5
NH,NH,medium,North Hills,Summer,5
NH,NH,medium,North Hills,Summer,5
NH,NH,medium,North Hills,Summer,5
NH,NH,medium,North Hills,Summer,4
NH,NH,medium,North Hills,Summer,5
NH,NH,medium,North Hills,Summer,4
NH,NH,medium,North Hills,Summer,3
NH,NH,medium,North Hills,Summer,4
NH,NH,medium,North Hills,Summer,5
NH,NH,medium,North Hills,Summer,4
NH,NH,medium,North Hills,Summer,4
NH,NH,medium,North Hills,Summer,5
NH,NH,medium,North Hills,Summer,5
MP,MP,medium,McCullough Peaks,Summer,5
MP,MP,medium,McCullough Peaks,Summer,6
MP,MP,medium,McCullough Peaks,Summer,5
MP,MP,medium,McCullough Peaks,Summer,5
MP,MP,medium,McCullough Peaks,Summer,5
MP,MP,medium,McCullough Peaks,Summer,5
MP,MP,medium,McCullough Peaks,Summer,5
MP,MP,medium,McCullough Peaks,Summer,5
MP,MP,medium,McCullough Peaks,Summer,5
MP,MP,medium,McCullough Peaks,Summer,5
MP,MP,medium,McCullough Peaks,Summer,5
MP,MP,medium,McCullough Peaks,Summer,5
MP,MP,medium,McCullough Peaks,Summer,5
MP,MP,medium,McCullough Peaks,Summer,6
MP,MP,medium,McCullough Peaks,Summer,5
MP,MP,medium,McCullough Peaks,Summer,5
MP,MP,medium,McCullough Peaks,Summer,5
MP,MP,medium,McCullough Peaks,Summer,6
MP,MP,medium,McCullough Peaks,Summer,5
MP,MP,medium,McCullough Peaks,Summer,6
MP,MP,medium,McCullough Peaks,Summer,5
MP,MP,medium,McCullough Peaks,Summer,5
MP,MP,medium,McCullough Peaks,Summer,6
MP,MP,medium,McCullough Peaks,Summer,5
MP,MP,medium,McCullough Peaks,Summer,5
MP,MP,medium,McCullough Peaks,Summer,6
MP,MP,medium,McCullough Peaks,Summer,5
MP,MP,medium,McCullough Peaks,Summer,6
MP,MP,medium,McCullough Peaks,Summer,5
MP,MP,medium,McCullough Peaks,Summer,5
MP,MP,medium,McCullough Peaks,Summer,5
MP,MP,medium,McCullough Peaks,Summer,5
MP,MP,medium,McCullough Peaks,Summer,4
MP,MP,medium,McCullough Peaks,Summer,5
MP,MP,medium,McCullough Peaks,Summer,5
MP,MP,medium,McCullough Peaks,Summer,5
MP,MP,medium,McCullough Peaks,Summer,5
MP,MP,medium,McCullough Peaks,Summer,3
MP,MP,medium,McCullough Peaks,Summer,5
MP,MP,medium,McCullough Peaks,Summer,5
MP,MP,medium,McCullough Peaks,Summer,5
MP,MP,medium,McCullough Peaks,Summer,6
MP,MP,medium,McCullough Peaks,Summer,5
MP,MP,medium,McCullough Peaks,Summer,7
MP,MP,medium,McCullough Peaks,Summer,6
MP,MP,medium,McCullough Peaks,Summer,5
MP,MP,medium,McCullough Peaks,Summer,5
MP,MP,medium,McCullough Peaks,Summer,5
MP,MP,medium,McCullough Peaks,Summer,5
MP,MP,medium,McCullough Peaks,Summer,5
MP,MP,medium,McCullough Peaks,Summer,6
MP,MP,medium,McCullough Peaks,Summer,6
MP,MP,medium,McCullough Peaks,Summer,5
MP,MP,medium,McCullough Peaks,Summer,5
MP,MP,medium,McCullough Peaks,Summer,6
MP,MP,medium,McCullough Peaks,Summer,5
MP,MP,medium,McCullough Peaks,Summer,5
MP,MP,medium,McCullough Peaks,Summer,5
MP,MP,medium,McCullough Peaks,Summer,6
MP,MP,medium,McCullough Peaks,Summer,7
MP,MP,medium,McCullough Peaks,Summer,5
MP,MP,medium,McCullough Peaks,Summer,5
MP,MP,medium,McCullough Peaks,Summer,6
MP,MP,medium,McCullough Peaks,Summer,5
MP,MP,medium,McCullough Peaks,Summer,6
MP,MP,medium,McCullough Peaks,Summer,5
MP,MP,medium,McCullough Peaks,Summer,6
MP,MP,medium,McCullough Peaks,Summer,5
MP,MP,medium,McCullough Peaks,Summer,5
MP,MP,medium,McCullough Peaks,Summer,5
MP,MP,medium,McCullough Peaks,Summer,5
MP,MP,medium,McCullough Peaks,Summer,6
MP,MP,medium,McCullough Peaks,Summer,5
MP,MP,medium,McCullough Peaks,Summer,5
MP,MP,medium,McCullough Peaks,Summer,5
TP,TP,medium,Twin Peaks,Summer,5
TP,TP,medium,Twin Peaks,Summer,5
TP,TP,medium,Twin Peaks,Summer,5
TP,TP,medium,Twin Peaks,Summer,5
TP,TP,medium,Twin Peaks,Summer,5
TP,TP,medium,Twin Peaks,Summer,5
TP,TP,medium,Twin Peaks,Summer,5
TP,TP,medium,Twin Peaks,Summer,5
TP,TP,medium,Twin Peaks,Summer,6
TP,TP,medium,Twin Peaks,Summer,6
TP,TP,medium,Twin Peaks,Summer,5
TP,TP,medium,Twin Peaks,Summer,5
TP,TP,medium,Twin Peaks,Summer,5
TP,TP,medium,Twin Peaks,Summer,5
TP,TP,medium,Twin Peaks,Summer,5
TP,TP,medium,Twin Peaks,Summer,5
TP,TP,medium,Twin Peaks,Summer,5
TP,TP,medium,Twin Peaks,Summer,5
TP,TP,medium,Twin Peaks,Summer,5
TP,TP,medium,Twin Peaks,Summer,5
TP,TP,medium,Twin Peaks,Summer,5
TP,TP,medium,Twin Peaks,Summer,5
TP,TP,medium,Twin Peaks,Summer,5
TP,TP,medium,Twin Peaks,Summer,6
TP,TP,medium,Twin Peaks,Summer,5
TP,TP,medium,Twin Peaks,Summer,5
TP,TP,medium,Twin Peaks,Summer,5
TP,TP,medium,Twin Peaks,Summer,5
TP,TP,medium,Twin Peaks,Summer,5
TP,TP,medium,Twin Peaks,Summer,5
TP,TP,medium,Twin Peaks,Summer,5
TP,TP,medium,Twin Peaks,Summer,5
TP,TP,medium,Twin Peaks,Summer,5
TP,TP,medium,Twin Peaks,Summer,5
TP,TP,medium,Twin Peaks,Summer,5
TP,TP,medium,Twin Peaks,Summer,5
ON,ON,medium,Onaqui,Summer,5
ON,ON,medium,Onaqui,Summer,5
ON,ON,medium,Onaqui,Summer,5
ON,ON,medium,Onaqui,Summer,5
ON,ON,medium,Onaqui,Summer,5
ON,ON,medium,Onaqui,Summer,5
ON,ON,medium,Onaqui,Summer,5
ON,ON,medium,Onaqui,Summer,5
ON,ON,medium,Onaqui,Summer,5
ON,ON,medium,Onaqui,Summer,5
ON,ON,medium,Onaqui,Summer,5
ON,ON,medium,Onaqui,Summer,5
ON,ON,medium,Onaqui,Summer,5
ON,ON,medium,Onaqui,Summer,6
ON,ON,medium,Onaqui,Summer,5
ON,ON,medium,Onaqui,Summer,6
ON,ON,medium,Onaqui,Summer,6
ON,ON,medium,Onaqui,Summer,5
ON,ON,medium,Onaqui,Summer,5
ON,ON,medium,Onaqui,Summer,5
ON,ON,medium,Onaqui,Summer,5
ON,ON,medium,Onaqui,Summer,5
ON,ON,medium,Onaqui,Summer,5
ON,ON,medium,Onaqui,Summer,5
ON,ON,medium,Onaqui,Summer,5
ON,ON,medium,Onaqui,Summer,5
ON,ON,medium,Onaqui,Summer,5
ON,ON,medium,Onaqui,Summer,5
ON,ON,medium,Onaqui,Summer,5
ON,ON,medium,Onaqui,Summer,5
ON,ON,medium,Onaqui,Summer,5
ON,ON,medium,Onaqui,Summer,5
ON,ON,medium,Onaqui,Summer,5
ON,ON,medium,Onaqui,Summer,5
ON,ON,medium,Onaqui,Summer,5
ON,ON,medium,Onaqui,Summer,5
ON,ON,medium,Onaqui,Summer,5
ON,ON,medium,Onaqui,Summer,5
ON,ON,medium,Onaqui,Summer,5
ON,ON,medium,Onaqui,Summer,5
ON,ON,medium,Onaqui,Summer,5
ON,ON,medium,Onaqui,Summer,5
ON,ON,medium,Onaqui,Summer,5
ON,ON,medium,Onaqui,Summer,5
ON,ON,medium,Onaqui,Summer,5
ON,ON,medium,Onaqui,Summer,5
ON,ON,medium,Onaqui,Summer,5
ON,ON,medium,Onaqui,Summer,5
ON,ON,medium,Onaqui,Summer,5
ON,ON,medium,Onaqui,Summer,5
ON,ON,medium,Onaqui,Summer,5
ON,ON,medium,Onaqui,Summer,5
ON,ON,medium,Onaqui,Summer,4
ON,ON,medium,Onaqui,Summer,5
ON,ON,medium,Onaqui,Summer,5
ON,ON,medium,Onaqui,Summer,5
ON,ON,medium,Onaqui,Summer,5
ON,ON,medium,Onaqui,Summer,5
ON,ON,medium,Onaqui,Summer,4
ON,ON,medium,Onaqui,Summer,5
ON,ON,medium,Onaqui,Summer,5
ON,ON,medium,Onaqui,Summer,5
ON,ON,medium,Onaqui,Summer,5
ON,ON,medium,Onaqui,Summer,5
ON,ON,medium,Onaqui,Summer,5
ON,ON,medium,Onaqui,Summer,5
ON,ON,medium,Onaqui,Summer,5
ON,ON,medium,Onaqui,Summer,5
ON,ON,medium,Onaqui,Summer,5
ON,ON,medium,Onaqui,Summer,6
ON,ON,medium,Onaqui,Summer,5
ON,ON,medium,Onaqui,Summer,5
ON,ON,medium,Onaqui,Summer,6
ON,ON,medium,Onaqui,Summer,5
ON,ON,medium,Onaqui,Summer,5
ON,ON,medium,Onaqui,Summer,5
ON,ON,medium,Onaqui,Summer,5
ON,ON,medium,Onaqui,Summer,5
ON,ON,medium,Onaqui,Summer,5
ON,ON,medium,Onaqui,Summer,5
ON,ON,medium,Onaqui,Summer,5
ON,ON,medium,Onaqui,Summer,5
ON,ON,medium,Onaqui,Summer,5
ON,ON,medium,Onaqui,Summer,5
ON,ON,medium,Onaqui,Summer,5
ON,ON,medium,Onaqui,Summer,5
ON,ON,medium,Onaqui,Summer,5
ON,ON,medium,Onaqui,Summer,5
ON,ON,medium,Onaqui,Summer,6
ON,ON,medium,Onaqui,Summer,5
ON,ON,medium,Onaqui,Summer,5
ON,ON,medium,Onaqui,Summer,5
ON,ON,medium,Onaqui,Summer,5
ON,ON,medium,Onaqui,Summer,5
ON,ON,medium,Onaqui,Summer,5
GM,GM,high,Green Mountain,Summer,5
GM,GM,high,Green Mountain,Summer,5
GM,GM,high,Green Mountain,Summer,5
GM,GM,high,Green Mountain,Summer,5
GM,GM,high,Green Mountain,Summer,5
GM,GM,high,Green Mountain,Summer,4
GM,GM,high,Green Mountain,Summer,5
GM,GM,high,Green Mountain,Summer,5
GM,GM,high,Green Mountain,Summer,6
GM,GM,high,Green Mountain,Summer,5
GM,GM,high,Green Mountain,Summer,5
GM,GM,high,Green Mountain,Summer,5
GM,GM,high,Green Mountain,Summer,5
GM,GM,high,Green Mountain,Summer,6
GM,GM,high,Green Mountain,Summer,5
GM,GM,high,Green Mountain,Summer,5
GM,GM,high,Green Mountain,Summer,5
GM,GM,high,Green Mountain,Summer,5
GM,GM,high,Green Mountain,Summer,5
GM,GM,high,Green Mountain,Summer,5
GM,GM,high,Green Mountain,Summer,5
GM,GM,high,Green Mountain,Summer,5
GM,GM,high,Green Mountain,Summer,5
GM,GM,high,Green Mountain,Summer,5
GM,GM,high,Green Mountain,Summer,5
GM,GM,high,Green Mountain,Summer,5
GM,GM,high,Green Mountain,Summer,6
GM,GM,high,Green Mountain,Summer,5
SS,SS,high,South Steens,Summer,5
SS,SS,high,South Steens,Summer,5
SS,SS,high,South Steens,Summer,5
SS,SS,high,South Steens,Summer,5
SS,SS,high,South Steens,Summer,6
SS,SS,high,South Steens,Summer,5
SS,SS,high,South Steens,Summer,5
SS,SS,high,South Steens,Summer,6
SS,SS,high,South Steens,Summer,5
SS,SS,high,South Steens,Summer,5
SS,SS,high,South Steens,Summer,5
SS,SS,high,South Steens,Summer,5
SS,SS,high,South Steens,Summer,6
SS,SS,high,South Steens,Summer,5
SS,SS,high,South Steens,Summer,5
SS,SS,high,South Steens,Summer,5
SS,SS,high,South Steens,Summer,5
SS,SS,high,South Steens,Summer,6
SS,SS,high,South Steens,Summer,5
SS,SS,high,South Steens,Summer,5
SS,SS,high,South Steens,Summer,5
SS,SS,high,South Steens,Summer,5
SS,SS,high,South Steens,Summer,5
SS,SS,high,South Steens,Summer,5
SS,SS,high,South Steens,Summer,5
SS,SS,high,South Steens,Summer,5
SS,SS,high,South Steens,Summer,5
SS,SS,high,South Steens,Summer,5
SS,SS,high,South Steens,Summer,5
SS,SS,high,South Steens,Summer,5
SS,SS,high,South Steens,Summer,5
SS,SS,high,South Steens,Summer,5
SS,SS,high,South Steens,Summer,5
SS,SS,high,South Steens,Summer,5
SS,SS,high,South Steens,Summer,5
SS,SS,high,South Steens,Summer,5
SS,SS,high,South Steens,Summer,5
SS,SS,high,South Steens,Summer,5
SS,SS,high,South Steens,Summer,5
SS,SS,high,South Steens,Summer,5
SS,SS,high,South Steens,Summer,5
SS,SS,high,South Steens,Summer,5
SS,SS,high,South Steens,Summer,5
SS,SS,high,South Steens,Summer,5
SS,SS,high,South Steens,Summer,6
SS,SS,high,South Steens,Summer,6
SS,SS,high,South Steens,Summer,5
SS,SS,high,South Steens,Summer,5
SS,SS,high,South Steens,Summer,5
SS,SS,high,South Steens,Summer,5
SS,SS,high,South Steens,Summer,5
SS,SS,high,South Steens,Summer,6
SS,SS,high,South Steens,Summer,5
SS,SS,high,South Steens,Summer,5
SS,SS,high,South Steens,Summer,5
SS,SS,high,South Steens,Summer,5
SS,SS,high,South Steens,Summer,5
SS,SS,high,South Steens,Summer,6
SS,SS,high,South Steens,Summer,5
SS,SS,high,South Steens,Summer,5
SS,SS,high,South Steens,Summer,5
SS,SS,high,South Steens,Summer,6
SS,SS,high,South Steens,Summer,5
SS,SS,high,South Steens,Summer,5
SS,SS,high,South Steens,Summer,5
SS,SS,high,South Steens,Summer,5
SS,SS,high,South Steens,Summer,5
SS,SS,high,South Steens,Summer,5
SS,SS,high,South Steens,Summer,5
SS,SS,high,South Steens,Summer,5
SS,SS,high,South Steens,Summer,5
SS,SS,high,South Steens,Summer,5
SS,SS,high,South Steens,Summer,5
SS,SS,high,South Steens,Summer,5
SS,SS,high,South Steens,Summer,5
SS,SS,high,South Steens,Summer,5
SS,SS,high,South Steens,Summer,6
SS,SS,high,South Steens,Summer,5
SS,SS,high,South Steens,Summer,5
SS,SS,high,South Steens,Summer,6
SS,SS,high,South Steens,Summer,5
SS,SS,high,South Steens,Summer,5
SS,SS,high,South Steens,Summer,5
PB,PB,high,Palomino Buttes,Summer,6
PB,PB,high,Palomino Buttes,Summer,5
PB,PB,high,Palomino Buttes,Summer,5
PB,PB,high,Palomino Buttes,Summer,5
PB,PB,high,Palomino Buttes,Summer,5
PB,PB,high,Palomino Buttes,Summer,5
PB,PB,high,Palomino Buttes,Summer,6
PB,PB,high,Palomino Buttes,Summer,5
PB,PB,high,Palomino Buttes,Summer,5
PB,PB,high,Palomino Buttes,Summer,5
PB,PB,high,Palomino Buttes,Summer,5
PB,PB,high,Palomino Buttes,Summer,6
PB,PB,high,Palomino Buttes,Summer,6
PB,PB,high,Palomino Buttes,Summer,5
PB,PB,high,Palomino Buttes,Summer,5
PB,PB,high,Palomino Buttes,Summer,5
PB,PB,high,Palomino Buttes,Summer,5
PB,PB,high,Palomino Buttes,Summer,5
PB,PB,high,Palomino Buttes,Summer,5
PB,PB,high,Palomino Buttes,Summer,6
PB,PB,high,Palomino Buttes,Summer,5
PB,PB,high,Palomino Buttes,Summer,5
PB,PB,high,Palomino Buttes,Summer,5
PB,PB,high,Palomino Buttes,Summer,5
PB,PB,high,Palomino Buttes,Summer,5
PB,PB,high,Palomino Buttes,Summer,5
PB,PB,high,Palomino Buttes,Summer,5
PB,PB,high,Palomino Buttes,Summer,5
PB,PB,high,Palomino Buttes,Summer,5
PB,PB,high,Palomino Buttes,Summer,5
PB,PB,high,Palomino Buttes,Summer,5
PB,PB,high,Palomino Buttes,Summer,5
PB,PB,high,Palomino Buttes,Summer,5
PB,PB,high,Palomino Buttes,Summer,5
PB,PB,high,Palomino Buttes,Summer,6
PB,PB,high,Palomino Buttes,Summer,5
PB,PB,high,Palomino Buttes,Summer,5
PB,PB,high,Palomino Buttes,Summer,5
PB,PB,high,Palomino Buttes,Summer,5
PB,PB,high,Palomino Buttes,Summer,5
PB,PB,high,Palomino Buttes,Summer,5
PB,PB,high,Palomino Buttes,Summer,5
PB,PB,high,Palomino Buttes,Summer,5
PB,PB,high,Palomino Buttes,Summer,5
PB,PB,high,Palomino Buttes,Summer,5
PB,PB,high,Palomino Buttes,Summer,5
PB,PB,high,Palomino Buttes,Summer,5
PB,PB,high,Palomino Buttes,Summer,6
SC,SC,high,Saylor Creek,Summer,5
SC,SC,high,Saylor Creek,Summer,5
SC,SC,high,Saylor Creek,Summer,5
SC,SC,high,Saylor Creek,Summer,5
SC,SC,high,Saylor Creek,Summer,5
SC,SC,high,Saylor Creek,Summer,5
SC,SC,high,Saylor Creek,Summer,5
SC,SC,high,Saylor Creek,Summer,5
SC,SC,high,Saylor Creek,Summer,6
SC,SC,high,Saylor Creek,Summer,6
SC,SC,high,Saylor Creek,Summer,5
SC,SC,high,Saylor Creek,Summer,5
SC,SC,high,Saylor Creek,Summer,6
SC,SC,high,Saylor Creek,Summer,5
SC,SC,high,Saylor Creek,Summer,5
SC,SC,high,Saylor Creek,Summer,5
SC,SC,high,Saylor Creek,Summer,5
SC,SC,high,Saylor Creek,Summer,5
SC,SC,high,Saylor Creek,Summer,5
SC,SC,high,Saylor Creek,Summer,5
SC,SC,high,Saylor Creek,Summer,5
SC,SC,high,Saylor Creek,Summer,5
SC,SC,high,Saylor Creek,Summer,5
SC,SC,high,Saylor Creek,Summer,4
SC,SC,high,Saylor Creek,Summer,5
SC,SC,high,Saylor Creek,Summer,5
SC,SC,high,Saylor Creek,Summer,5
SC,SC,high,Saylor Creek,Summer,5
SC,SC,high,Saylor Creek,Summer,4
SC,SC,high,Saylor Creek,Summer,5
SC,SC,high,Saylor Creek,Summer,5
SC,SC,high,Saylor Creek,Summer,5
SC,SC,high,Saylor Creek,Summer,5
SC,SC,high,Saylor Creek,Summer,5
SC,SC,high,Saylor Creek,Summer,5
SW,SW,high,Stinkingwater,Summer,5
SW,SW,high,Stinkingwater,Summer,5
SW,SW,high,Stinkingwater,Summer,6
SW,SW,high,Stinkingwater,Summer,5
SW,SW,high,Stinkingwater,Summer,5
SW,SW,high,Stinkingwater,Summer,5
SW,SW,high,Stinkingwater,Summer,5
SW,SW,high,Stinkingwater,Summer,5
SW,SW,high,Stinkingwater,Summer,5
SW,SW,high,Stinkingwater,Summer,5
SW,SW,high,Stinkingwater,Summer,5
SW,SW,high,Stinkingwater,Summer,5
SW,SW,high,Stinkingwater,Summer,6
SW,SW,high,Stinkingwater,Summer,5
SW,SW,high,Stinkingwater,Summer,6
SW,SW,high,Stinkingwater,Summer,5
SW,SW,high,Stinkingwater,Summer,5
SW,SW,high,Stinkingwater,Summer,5
SW,SW,high,Stinkingwater,Summer,5
SW,SW,high,Stinkingwater,Summer,5
SW,SW,high,Stinkingwater,Summer,5
SW,SW,high,Stinkingwater,Summer,5
SW,SW,high,Stinkingwater,Summer,5
SW,SW,high,Stinkingwater,Summer,5
SW,SW,high,Stinkingwater,Summer,6
SW,SW,high,Stinkingwater,Summer,5
SW,SW,high,Stinkingwater,Summer,5
SW,SW,high,Stinkingwater,Summer,5
SW,SW,high,Stinkingwater,Summer,5
SW,SW,high,Stinkingwater,Summer,6
SW,SW,high,Stinkingwater,Summer,5
SW,SW,high,Stinkingwater,Summer,5
SW,SW,high,Stinkingwater,Summer,5
SW,SW,high,Stinkingwater,Summer,5
SW,SW,high,Stinkingwater,Summer,6
SW,SW,high,Stinkingwater,Summer,5
SW,SW,high,Stinkingwater,Summer,6
SW,SW,high,Stinkingwater,Summer,5
SW,SW,high,Stinkingwater,Summer,5
SW,SW,high,Stinkingwater,Summer,5
SW,SW,high,Stinkingwater,Summer,5
SW,SW,high,Stinkingwater,Summer,6
SW,SW,high,Stinkingwater,Summer,5
SW,SW,high,Stinkingwater,Summer,5
SW,SW,high,Stinkingwater,Summer,5
SW,SW,high,Stinkingwater,Summer,6
SW,SW,high,Stinkingwater,Summer,5
SB,SB,high,Sand Basin ,Summer,5
SB,SB,high,Sand Basin ,Summer,5
SB,SB,high,Sand Basin ,Summer,5
SB,SB,high,Sand Basin ,Summer,5
SB,SB,high,Sand Basin ,Summer,5
SB,SB,high,Sand Basin ,Summer,5
SB,SB,high,Sand Basin ,Summer,5
SB,SB,high,Sand Basin ,Summer,5
SB,SB,high,Sand Basin ,Summer,5
SB,SB,high,Sand Basin ,Summer,5
SB,SB,high,Sand Basin ,Summer,6
SB,SB,high,Sand Basin ,Summer,5
SB,SB,high,Sand Basin ,Summer,5
SB,SB,high,Sand Basin ,Summer,5
SB,SB,high,Sand Basin ,Summer,5
SB,SB,high,Sand Basin ,Summer,5
SB,SB,high,Sand Basin ,Summer,5
SB,SB,high,Sand Basin ,Summer,5
SB,SB,high,Sand Basin ,Summer,5
SB,SB,high,Sand Basin ,Summer,5
SB,SB,high,Sand Basin ,Summer,6
SB,SB,high,Sand Basin ,Summer,5
SB,SB,high,Sand Basin ,Summer,5
SB,SB,high,Sand Basin ,Summer,5
RR,WRR,low,Red Rock,Winter,5
RR,WRR,low,Red Rock,Winter,6
RR,WRR,low,Red Rock,Winter,4
RR,WRR,low,Red Rock,Winter,5
RR,WRR,low,Red Rock,Winter,5
RR,WRR,low,Red Rock,Winter,5
RR,WRR,low,Red Rock,Winter,5
RR,WRR,low,Red Rock,Winter,4
RR,WRR,low,Red Rock,Winter,5
RR,WRR,low,Red Rock,Winter,5
RR,WRR,low,Red Rock,Winter,3
RR,WRR,low,Red Rock,Winter,5
RR,WRR,low,Red Rock,Winter,5
RR,WRR,low,Red Rock,Winter,6
RR,WRR,low,Red Rock,Winter,5
RR,WRR,low,Red Rock,Winter,5
RR,WRR,low,Red Rock,Winter,5
RR,WRR,low,Red Rock,Winter,5
RR,WRR,low,Red Rock,Winter,5
RR,WRR,low,Red Rock,Winter,5
RR,WRR,low,Red Rock,Winter,5
RR,WRR,low,Red Rock,Winter,5
RR,WRR,low,Red Rock,Winter,5
RR,WRR,low,Red Rock,Winter,5
RR,WRR,low,Red Rock,Winter,5
RR,WRR,low,Red Rock,Winter,5
AT,WAT,low,Adobe Town,Winter,6
AT,WAT,low,Adobe Town,Winter,6
AT,WAT,low,Adobe Town,Winter,5
AT,WAT,low,Adobe Town,Winter,6
AT,WAT,low,Adobe Town,Winter,5
AT,WAT,low,Adobe Town,Winter,5
AT,WAT,low,Adobe Town,Winter,5
AT,WAT,low,Adobe Town,Winter,5
AT,WAT,low,Adobe Town,Winter,5
AT,WAT,low,Adobe Town,Winter,5
AT,WAT,low,Adobe Town,Winter,5
AT,WAT,low,Adobe Town,Winter,5
AT,WAT,low,Adobe Town,Winter,5
AT,WAT,low,Adobe Town,Winter,5
AT,WAT,low,Adobe Town,Winter,5
AT,WAT,low,Adobe Town,Winter,5
AT,WAT,low,Adobe Town,Winter,6
AT,WAT,low,Adobe Town,Winter,5
AT,WAT,low,Adobe Town,Winter,5
AT,WAT,low,Adobe Town,Winter,5
AT,WAT,low,Adobe Town,Winter,6
AT,WAT,low,Adobe Town,Winter,5
AT,WAT,low,Adobe Town,Winter,5
AT,WAT,low,Adobe Town,Winter,5
AT,WAT,low,Adobe Town,Winter,5
AT,WAT,low,Adobe Town,Winter,5
AT,WAT,low,Adobe Town,Winter,6
AT,WAT,low,Adobe Town,Winter,5
AT,WAT,low,Adobe Town,Winter,6
AT,WAT,low,Adobe Town,Winter,5
AT,WAT,low,Adobe Town,Winter,5
AT,WAT,low,Adobe Town,Winter,5
AT,WAT,low,Adobe Town,Winter,5
AT,WAT,low,Adobe Town,Winter,5
AT,WAT,low,Adobe Town,Winter,5
AT,WAT,low,Adobe Town,Winter,5
AT,WAT,low,Adobe Town,Winter,4
AT,WAT,low,Adobe Town,Winter,5
AT,WAT,low,Adobe Town,Winter,5
AT,WAT,low,Adobe Town,Winter,5
AT,WAT,low,Adobe Town,Winter,6
AT,WAT,low,Adobe Town,Winter,5
AT,WAT,low,Adobe Town,Winter,5
AT,WAT,low,Adobe Town,Winter,5
AT,WAT,low,Adobe Town,Winter,5
AT,WAT,low,Adobe Town,Winter,5
AT,WAT,low,Adobe Town,Winter,6
FR,WFR,low,Frisco,Winter,5
FR,WFR,low,Frisco,Winter,4
FR,WFR,low,Frisco,Winter,4
FR,WFR,low,Frisco,Winter,5
FR,WFR,low,Frisco,Winter,5
FR,WFR,low,Frisco,Winter,4
FR,WFR,low,Frisco,Winter,5
FR,WFR,low,Frisco,Winter,5
FR,WFR,low,Frisco,Winter,5
FR,WFR,low,Frisco,Winter,5
FR,WFR,low,Frisco,Winter,5
FR,WFR,low,Frisco,Winter,5
FR,WFR,low,Frisco,Winter,5
FR,WFR,low,Frisco,Winter,5
FR,WFR,low,Frisco,Winter,5
FR,WFR,low,Frisco,Winter,5
FR,WFR,low,Frisco,Winter,5
FR,WFR,low,Frisco,Winter,5
FR,WFR,low,Frisco,Winter,5
PN,WPN,low,Pine Nut Mountains,Winter,5
PN,WPN,low,Pine Nut Mountains,Winter,5
PN,WPN,low,Pine Nut Mountains,Winter,5
PN,WPN,low,Pine Nut Mountains,Winter,3
PN,WPN,low,Pine Nut Mountains,Winter,4
PN,WPN,low,Pine Nut Mountains,Winter,5
PN,WPN,low,Pine Nut Mountains,Winter,5
PN,WPN,low,Pine Nut Mountains,Winter,5
PN,WPN,low,Pine Nut Mountains,Winter,5
PN,WPN,low,Pine Nut Mountains,Winter,5
PN,WPN,low,Pine Nut Mountains,Winter,5
PN,WPN,low,Pine Nut Mountains,Winter,5
PN,WPN,low,Pine Nut Mountains,Winter,5
PN,WPN,low,Pine Nut Mountains,Winter,5
PN,WPN,low,Pine Nut Mountains,Winter,5
PN,WPN,low,Pine Nut Mountains,Winter,5
PN,WPN,low,Pine Nut Mountains,Winter,5
PN,WPN,low,Pine Nut Mountains,Winter,5
PN,WPN,low,Pine Nut Mountains,Winter,5
PN,WPN,low,Pine Nut Mountains,Winter,5
PN,WPN,low,Pine Nut Mountains,Winter,4
PN,WPN,low,Pine Nut Mountains,Winter,5
PN,WPN,low,Pine Nut Mountains,Winter,5
PN,WPN,low,Pine Nut Mountains,Winter,5
PN,WPN,low,Pine Nut Mountains,Winter,5
PN,WPN,low,Pine Nut Mountains,Winter,5
PN,WPN,low,Pine Nut Mountains,Winter,5
PN,WPN,low,Pine Nut Mountains,Winter,3
PN,WPN,low,Pine Nut Mountains,Winter,5
LBC,WLBC,low,Little Book Cliffs,Winter,5
LBC,WLBC,low,Little Book Cliffs,Winter,4
LBC,WLBC,low,Little Book Cliffs,Winter,6
LBC,WLBC,low,Little Book Cliffs,Winter,6
LBC,WLBC,low,Little Book Cliffs,Winter,5
LBC,WLBC,low,Little Book Cliffs,Winter,5
LBC,WLBC,low,Little Book Cliffs,Winter,5
LBC,WLBC,low,Little Book Cliffs,Winter,4
LBC,WLBC,low,Little Book Cliffs,Winter,5
LBC,WLBC,low,Little Book Cliffs,Winter,5
LBC,WLBC,low,Little Book Cliffs,Winter,5
LBC,WLBC,low,Little Book Cliffs,Winter,5
LBC,WLBC,low,Little Book Cliffs,Winter,5
LBC,WLBC,low,Little Book Cliffs,Winter,5
LBC,WLBC,low,Little Book Cliffs,Winter,5
LBC,WLBC,low,Little Book Cliffs,Winter,4
LBC,WLBC,low,Little Book Cliffs,Winter,5
LBC,WLBC,low,Little Book Cliffs,Winter,6
LBC,WLBC,low,Little Book Cliffs,Winter,5
LBC,WLBC,low,Little Book Cliffs,Winter,6
LBC,WLBC,low,Little Book Cliffs,Winter,5
LBC,WLBC,low,Little Book Cliffs,Winter,5
LBC,WLBC,low,Little Book Cliffs,Winter,5
LBC,WLBC,low,Little Book Cliffs,Winter,5
LBC,WLBC,low,Little Book Cliffs,Winter,5
LBC,WLBC,low,Little Book Cliffs,Winter,5
LBC,WLBC,low,Little Book Cliffs,Winter,5
LBC,WLBC,low,Little Book Cliffs,Winter,5
LBC,WLBC,low,Little Book Cliffs,Winter,5
LBC,WLBC,low,Little Book Cliffs,Winter,5
LBC,WLBC,low,Little Book Cliffs,Winter,5
LBC,WLBC,low,Little Book Cliffs,Winter,5
LBC,WLBC,low,Little Book Cliffs,Winter,6
LBC,WLBC,low,Little Book Cliffs,Winter,5
LBC,WLBC,low,Little Book Cliffs,Winter,5
LBC,WLBC,low,Little Book Cliffs,Winter,5
LBC,WLBC,low,Little Book Cliffs,Winter,5
LBC,WLBC,low,Little Book Cliffs,Winter,5
LBC,WLBC,low,Little Book Cliffs,Winter,5
LBC,WLBC,low,Little Book Cliffs,Winter,5
LBC,WLBC,low,Little Book Cliffs,Winter,5
LBC,WLBC,low,Little Book Cliffs,Winter,5
LBC,WLBC,low,Little Book Cliffs,Winter,5
LBC,WLBC,low,Little Book Cliffs,Winter,5
LBC,WLBC,low,Little Book Cliffs,Winter,5
LBC,WLBC,low,Little Book Cliffs,Winter,5
LBC,WLBC,low,Little Book Cliffs,Winter,5
LBC,WLBC,low,Little Book Cliffs,Winter,5
LBC,WLBC,low,Little Book Cliffs,Winter,6
LBC,WLBC,low,Little Book Cliffs,Winter,4
LBC,WLBC,low,Little Book Cliffs,Winter,5
LBC,WLBC,low,Little Book Cliffs,Winter,5
LBC,WLBC,low,Little Book Cliffs,Winter,5
LBC,WLBC,low,Little Book Cliffs,Winter,5
LBC,WLBC,low,Little Book Cliffs,Winter,5
LBC,WLBC,low,Little Book Cliffs,Winter,5
LBC,WLBC,low,Little Book Cliffs,Winter,5
LBC,WLBC,low,Little Book Cliffs,Winter,5
CN,WCN,medium,Conger,Winter,5
CN,WCN,medium,Conger,Winter,6
CN,WCN,medium,Conger,Winter,5
CN,WCN,medium,Conger,Winter,5
CN,WCN,medium,Conger,Winter,5
CN,WCN,medium,Conger,Winter,5
CN,WCN,medium,Conger,Winter,5
CN,WCN,medium,Conger,Winter,4
CN,WCN,medium,Conger,Winter,5
CN,WCN,medium,Conger,Winter,5
CN,WCN,medium,Conger,Winter,5
CN,WCN,medium,Conger,Winter,5
CN,WCN,medium,Conger,Winter,5
CN,WCN,medium,Conger,Winter,5
CN,WCN,medium,Conger,Winter,5
CN,WCN,medium,Conger,Winter,5
CN,WCN,medium,Conger,Winter,5
CN,WCN,medium,Conger,Winter,5
CN,WCN,medium,Conger,Winter,5
CN,WCN,medium,Conger,Winter,5
CN,WCN,medium,Conger,Winter,5
CN,WCN,medium,Conger,Winter,5
CN,WCN,medium,Conger,Winter,5
CN,WCN,medium,Conger,Winter,5
CN,WCN,medium,Conger,Winter,5
CN,WCN,medium,Conger,Winter,5
CN,WCN,medium,Conger,Winter,5
CN,WCN,medium,Conger,Winter,5
CN,WCN,medium,Conger,Winter,5
CN,WCN,medium,Conger,Winter,4
CN,WCN,medium,Conger,Winter,5
CN,WCN,medium,Conger,Winter,5
CN,WCN,medium,Conger,Winter,5
CN,WCN,medium,Conger,Winter,5
NH,WNH,medium,North Hills,Winter,5
NH,WNH,medium,North Hills,Winter,5
NH,WNH,medium,North Hills,Winter,5
NH,WNH,medium,North Hills,Winter,5
NH,WNH,medium,North Hills,Winter,5
NH,WNH,medium,North Hills,Winter,5
NH,WNH,medium,North Hills,Winter,5
NH,WNH,medium,North Hills,Winter,5
NH,WNH,medium,North Hills,Winter,5
NH,WNH,medium,North Hills,Winter,5
NH,WNH,medium,North Hills,Winter,5
NH,WNH,medium,North Hills,Winter,4
NH,WNH,medium,North Hills,Winter,5
NH,WNH,medium,North Hills,Winter,5
NH,WNH,medium,North Hills,Winter,5
NH,WNH,medium,North Hills,Winter,3
NH,WNH,medium,North Hills,Winter,3
NH,WNH,medium,North Hills,Winter,5
NH,WNH,medium,North Hills,Winter,5
NH,WNH,medium,North Hills,Winter,4
NH,WNH,medium,North Hills,Winter,5
NH,WNH,medium,North Hills,Winter,5
NH,WNH,medium,North Hills,Winter,4
NH,WNH,medium,North Hills,Winter,5
NH,WNH,medium,North Hills,Winter,5
NH,WNH,medium,North Hills,Winter,5
NH,WNH,medium,North Hills,Winter,5
NH,WNH,medium,North Hills,Winter,6
NH,WNH,medium,North Hills,Winter,5
NH,WNH,medium,North Hills,Winter,5
NH,WNH,medium,North Hills,Winter,4
NH,WNH,medium,North Hills,Winter,3
MP,WMP,medium,McCullough Peaks,Winter,4
MP,WMP,medium,McCullough Peaks,Winter,6
MP,WMP,medium,McCullough Peaks,Winter,5
MP,WMP,medium,McCullough Peaks,Winter,7
MP,WMP,medium,McCullough Peaks,Winter,5
MP,WMP,medium,McCullough Peaks,Winter,5
MP,WMP,medium,McCullough Peaks,Winter,5
MP,WMP,medium,McCullough Peaks,Winter,5
MP,WMP,medium,McCullough Peaks,Winter,5
MP,WMP,medium,McCullough Peaks,Winter,5
MP,WMP,medium,McCullough Peaks,Winter,5
MP,WMP,medium,McCullough Peaks,Winter,6
MP,WMP,medium,McCullough Peaks,Winter,5
MP,WMP,medium,McCullough Peaks,Winter,5
MP,WMP,medium,McCullough Peaks,Winter,6
MP,WMP,medium,McCullough Peaks,Winter,5
MP,WMP,medium,McCullough Peaks,Winter,5
MP,WMP,medium,McCullough Peaks,Winter,5
MP,WMP,medium,McCullough Peaks,Winter,6
MP,WMP,medium,McCullough Peaks,Winter,5
MP,WMP,medium,McCullough Peaks,Winter,5
MP,WMP,medium,McCullough Peaks,Winter,6
MP,WMP,medium,McCullough Peaks,Winter,5
MP,WMP,medium,McCullough Peaks,Winter,5
MP,WMP,medium,McCullough Peaks,Winter,5
MP,WMP,medium,McCullough Peaks,Winter,5
MP,WMP,medium,McCullough Peaks,Winter,5
MP,WMP,medium,McCullough Peaks,Winter,5
MP,WMP,medium,McCullough Peaks,Winter,5
MP,WMP,medium,McCullough Peaks,Winter,5
MP,WMP,medium,McCullough Peaks,Winter,5
MP,WMP,medium,McCullough Peaks,Winter,7
MP,WMP,medium,McCullough Peaks,Winter,5
MP,WMP,medium,McCullough Peaks,Winter,5
MP,WMP,medium,McCullough Peaks,Winter,5
MP,WMP,medium,McCullough Peaks,Winter,5
MP,WMP,medium,McCullough Peaks,Winter,5
MP,WMP,medium,McCullough Peaks,Winter,6
MP,WMP,medium,McCullough Peaks,Winter,6
MP,WMP,medium,McCullough Peaks,Winter,5
MP,WMP,medium,McCullough Peaks,Winter,5
MP,WMP,medium,McCullough Peaks,Winter,5
MP,WMP,medium,McCullough Peaks,Winter,5
MP,WMP,medium,McCullough Peaks,Winter,5
MP,WMP,medium,McCullough Peaks,Winter,5
MP,WMP,medium,McCullough Peaks,Winter,5
TP,WTP,medium,Twin Peaks,Winter,5
TP,WTP,medium,Twin Peaks,Winter,6
TP,WTP,medium,Twin Peaks,Winter,5
TP,WTP,medium,Twin Peaks,Winter,5
TP,WTP,medium,Twin Peaks,Winter,5
TP,WTP,medium,Twin Peaks,Winter,5
TP,WTP,medium,Twin Peaks,Winter,5
TP,WTP,medium,Twin Peaks,Winter,5
TP,WTP,medium,Twin Peaks,Winter,5
TP,WTP,medium,Twin Peaks,Winter,5
TP,WTP,medium,Twin Peaks,Winter,5
TP,WTP,medium,Twin Peaks,Winter,5
TP,WTP,medium,Twin Peaks,Winter,5
TP,WTP,medium,Twin Peaks,Winter,5
TP,WTP,medium,Twin Peaks,Winter,5
TP,WTP,medium,Twin Peaks,Winter,5
TP,WTP,medium,Twin Peaks,Winter,5
TP,WTP,medium,Twin Peaks,Winter,5
TP,WTP,medium,Twin Peaks,Winter,5
TP,WTP,medium,Twin Peaks,Winter,5
TP,WTP,medium,Twin Peaks,Winter,5
TP,WTP,medium,Twin Peaks,Winter,5
TP,WTP,medium,Twin Peaks,Winter,5
TP,WTP,medium,Twin Peaks,Winter,5
TP,WTP,medium,Twin Peaks,Winter,5
TP,WTP,medium,Twin Peaks,Winter,5
TP,WTP,medium,Twin Peaks,Winter,5
TP,WTP,medium,Twin Peaks,Winter,5
TP,WTP,medium,Twin Peaks,Winter,4
TP,WTP,medium,Twin Peaks,Winter,5
TP,WTP,medium,Twin Peaks,Winter,5
TP,WTP,medium,Twin Peaks,Winter,5
TP,WTP,medium,Twin Peaks,Winter,5
TP,WTP,medium,Twin Peaks,Winter,4
TP,WTP,medium,Twin Peaks,Winter,5
TP,WTP,medium,Twin Peaks,Winter,5
TP,WTP,medium,Twin Peaks,Winter,5
TP,WTP,medium,Twin Peaks,Winter,5
TP,WTP,medium,Twin Peaks,Winter,5
TP,WTP,medium,Twin Peaks,Winter,5
TP,WTP,medium,Twin Peaks,Winter,6
TP,WTP,medium,Twin Peaks,Winter,5
TP,WTP,medium,Twin Peaks,Winter,5
TP,WTP,medium,Twin Peaks,Winter,6
TP,WTP,medium,Twin Peaks,Winter,5
TP,WTP,medium,Twin Peaks,Winter,5
TP,WTP,medium,Twin Peaks,Winter,5
TP,WTP,medium,Twin Peaks,Winter,4
TP,WTP,medium,Twin Peaks,Winter,5
TP,WTP,medium,Twin Peaks,Winter,5
TP,WTP,medium,Twin Peaks,Winter,5
TP,WTP,medium,Twin Peaks,Winter,5
TP,WTP,medium,Twin Peaks,Winter,5
TP,WTP,medium,Twin Peaks,Winter,5
TP,WTP,medium,Twin Peaks,Winter,5
TP,WTP,medium,Twin Peaks,Winter,5
TP,WTP,medium,Twin Peaks,Winter,5
TP,WTP,medium,Twin Peaks,Winter,5
TP,WTP,medium,Twin Peaks,Winter,5
TP,WTP,medium,Twin Peaks,Winter,5
TP,WTP,medium,Twin Peaks,Winter,5
TP,WTP,medium,Twin Peaks,Winter,5
TP,WTP,medium,Twin Peaks,Winter,5
TP,WTP,medium,Twin Peaks,Winter,5
TP,WTP,medium,Twin Peaks,Winter,5
TP,WTP,medium,Twin Peaks,Winter,5
TP,WTP,medium,Twin Peaks,Winter,5
TP,WTP,medium,Twin Peaks,Winter,5
TP,WTP,medium,Twin Peaks,Winter,5
TP,WTP,medium,Twin Peaks,Winter,5
TP,WTP,medium,Twin Peaks,Winter,5
TP,WTP,medium,Twin Peaks,Winter,5
TP,WTP,medium,Twin Peaks,Winter,5
TP,WTP,medium,Twin Peaks,Winter,5
TP,WTP,medium,Twin Peaks,Winter,5
TP,WTP,medium,Twin Peaks,Winter,5
ON,WON,medium,Onaqui,Winter,5
ON,WON,medium,Onaqui,Winter,5
ON,WON,medium,Onaqui,Winter,5
ON,WON,medium,Onaqui,Winter,4
ON,WON,medium,Onaqui,Winter,5
ON,WON,medium,Onaqui,Winter,5
ON,WON,medium,Onaqui,Winter,5
ON,WON,medium,Onaqui,Winter,6
ON,WON,medium,Onaqui,Winter,5
ON,WON,medium,Onaqui,Winter,5
ON,WON,medium,Onaqui,Winter,4
ON,WON,medium,Onaqui,Winter,3
ON,WON,medium,Onaqui,Winter,5
ON,WON,medium,Onaqui,Winter,5
ON,WON,medium,Onaqui,Winter,6
ON,WON,medium,Onaqui,Winter,5
ON,WON,medium,Onaqui,Winter,5
ON,WON,medium,Onaqui,Winter,5
ON,WON,medium,Onaqui,Winter,5
ON,WON,medium,Onaqui,Winter,5
ON,WON,medium,Onaqui,Winter,5
ON,WON,medium,Onaqui,Winter,5
ON,WON,medium,Onaqui,Winter,5
ON,WON,medium,Onaqui,Winter,5
ON,WON,medium,Onaqui,Winter,5
ON,WON,medium,Onaqui,Winter,5
ON,WON,medium,Onaqui,Winter,5
ON,WON,medium,Onaqui,Winter,5
ON,WON,medium,Onaqui,Winter,5
ON,WON,medium,Onaqui,Winter,5
ON,WON,medium,Onaqui,Winter,5
ON,WON,medium,Onaqui,Winter,6
ON,WON,medium,Onaqui,Winter,5
ON,WON,medium,Onaqui,Winter,5
ON,WON,medium,Onaqui,Winter,5
ON,WON,medium,Onaqui,Winter,5
ON,WON,medium,Onaqui,Winter,4
ON,WON,medium,Onaqui,Winter,5
ON,WON,medium,Onaqui,Winter,5
ON,WON,medium,Onaqui,Winter,5
ON,WON,medium,Onaqui,Winter,5
ON,WON,medium,Onaqui,Winter,5
ON,WON,medium,Onaqui,Winter,4
ON,WON,medium,Onaqui,Winter,5
ON,WON,medium,Onaqui,Winter,5
ON,WON,medium,Onaqui,Winter,6
ON,WON,medium,Onaqui,Winter,5
ON,WON,medium,Onaqui,Winter,5
ON,WON,medium,Onaqui,Winter,5
ON,WON,medium,Onaqui,Winter,4
ON,WON,medium,Onaqui,Winter,7
ON,WON,medium,Onaqui,Winter,3
ON,WON,medium,Onaqui,Winter,5
ON,WON,medium,Onaqui,Winter,5
ON,WON,medium,Onaqui,Winter,5
ON,WON,medium,Onaqui,Winter,5
ON,WON,medium,Onaqui,Winter,5
ON,WON,medium,Onaqui,Winter,5
ON,WON,medium,Onaqui,Winter,5
ON,WON,medium,Onaqui,Winter,5
ON,WON,medium,Onaqui,Winter,5
ON,WON,medium,Onaqui,Winter,6
ON,WON,medium,Onaqui,Winter,6
ON,WON,medium,Onaqui,Winter,5
ON,WON,medium,Onaqui,Winter,5
ON,WON,medium,Onaqui,Winter,4
ON,WON,medium,Onaqui,Winter,5
ON,WON,medium,Onaqui,Winter,5
ON,WON,medium,Onaqui,Winter,5
ON,WON,medium,Onaqui,Winter,5
ON,WON,medium,Onaqui,Winter,5
ON,WON,medium,Onaqui,Winter,5
ON,WON,medium,Onaqui,Winter,4
GM,WGM,high,Green Mountain,Winter,5
GM,WGM,high,Green Mountain,Winter,5
GM,WGM,high,Green Mountain,Winter,5
GM,WGM,high,Green Mountain,Winter,6
GM,WGM,high,Green Mountain,Winter,5
GM,WGM,high,Green Mountain,Winter,5
GM,WGM,high,Green Mountain,Winter,5
GM,WGM,high,Green Mountain,Winter,5
GM,WGM,high,Green Mountain,Winter,5
GM,WGM,high,Green Mountain,Winter,5
GM,WGM,high,Green Mountain,Winter,5
GM,WGM,high,Green Mountain,Winter,5
GM,WGM,high,Green Mountain,Winter,6
GM,WGM,high,Green Mountain,Winter,5
GM,WGM,high,Green Mountain,Winter,5
GM,WGM,high,Green Mountain,Winter,5
GM,WGM,high,Green Mountain,Winter,6
GM,WGM,high,Green Mountain,Winter,4
GM,WGM,high,Green Mountain,Winter,6
GM,WGM,high,Green Mountain,Winter,6
GM,WGM,high,Green Mountain,Winter,5
GM,WGM,high,Green Mountain,Winter,5
GM,WGM,high,Green Mountain,Winter,5
GM,WGM,high,Green Mountain,Winter,5
GM,WGM,high,Green Mountain,Winter,5
GM,WGM,high,Green Mountain,Winter,6
GM,WGM,high,Green Mountain,Winter,5
GM,WGM,high,Green Mountain,Winter,5
GM,WGM,high,Green Mountain,Winter,5
GM,WGM,high,Green Mountain,Winter,5
GM,WGM,high,Green Mountain,Winter,5
GM,WGM,high,Green Mountain,Winter,5
GM,WGM,high,Green Mountain,Winter,5
GM,WGM,high,Green Mountain,Winter,5
GM,WGM,high,Green Mountain,Winter,5
GM,WGM,high,Green Mountain,Winter,5
GM,WGM,high,Green Mountain,Winter,4
GM,WGM,high,Green Mountain,Winter,5
GM,WGM,high,Green Mountain,Winter,5
GM,WGM,high,Green Mountain,Winter,5
GM,WGM,high,Green Mountain,Winter,5
GM,WGM,high,Green Mountain,Winter,5
GM,WGM,high,Green Mountain,Winter,5
GM,WGM,high,Green Mountain,Winter,5
GM,WGM,high,Green Mountain,Winter,6
GM,WGM,high,Green Mountain,Winter,5
GM,WGM,high,Green Mountain,Winter,6
GM,WGM,high,Green Mountain,Winter,5
GM,WGM,high,Green Mountain,Winter,5
GM,WGM,high,Green Mountain,Winter,5
GM,WGM,high,Green Mountain,Winter,5
GM,WGM,high,Green Mountain,Winter,5
GM,WGM,high,Green Mountain,Winter,6
GM,WGM,high,Green Mountain,Winter,5
GM,WGM,high,Green Mountain,Winter,5
GM,WGM,high,Green Mountain,Winter,5
GM,WGM,high,Green Mountain,Winter,5
GM,WGM,high,Green Mountain,Winter,5
GM,WGM,high,Green Mountain,Winter,5
SS,WSS,high,South Steens,Winter,5
SS,WSS,high,South Steens,Winter,5
SS,WSS,high,South Steens,Winter,5
SS,WSS,high,South Steens,Winter,5
SS,WSS,high,South Steens,Winter,5
SS,WSS,high,South Steens,Winter,5
SS,WSS,high,South Steens,Winter,5
SS,WSS,high,South Steens,Winter,5
SS,WSS,high,South Steens,Winter,5
SS,WSS,high,South Steens,Winter,4
SS,WSS,high,South Steens,Winter,4
SS,WSS,high,South Steens,Winter,5
SS,WSS,high,South Steens,Winter,5
SS,WSS,high,South Steens,Winter,5
SS,WSS,high,South Steens,Winter,4
SS,WSS,high,South Steens,Winter,5
SS,WSS,high,South Steens,Winter,5
SS,WSS,high,South Steens,Winter,6
SS,WSS,high,South Steens,Winter,5
SS,WSS,high,South Steens,Winter,5
SS,WSS,high,South Steens,Winter,3
SS,WSS,high,South Steens,Winter,5
SS,WSS,high,South Steens,Winter,6
SS,WSS,high,South Steens,Winter,5
SS,WSS,high,South Steens,Winter,5
SS,WSS,high,South Steens,Winter,5
SS,WSS,high,South Steens,Winter,5
SS,WSS,high,South Steens,Winter,5
SS,WSS,high,South Steens,Winter,5
SS,WSS,high,South Steens,Winter,5
SS,WSS,high,South Steens,Winter,5
SS,WSS,high,South Steens,Winter,5
SS,WSS,high,South Steens,Winter,5
SS,WSS,high,South Steens,Winter,5
SS,WSS,high,South Steens,Winter,5
SS,WSS,high,South Steens,Winter,5
SS,WSS,high,South Steens,Winter,5
SS,WSS,high,South Steens,Winter,5
SS,WSS,high,South Steens,Winter,5
SS,WSS,high,South Steens,Winter,5
SS,WSS,high,South Steens,Winter,5
SS,WSS,high,South Steens,Winter,5
SS,WSS,high,South Steens,Winter,5
SS,WSS,high,South Steens,Winter,5
SS,WSS,high,South Steens,Winter,5
SS,WSS,high,South Steens,Winter,5
SS,WSS,high,South Steens,Winter,4
SS,WSS,high,South Steens,Winter,5
SS,WSS,high,South Steens,Winter,5
SS,WSS,high,South Steens,Winter,5
SS,WSS,high,South Steens,Winter,5
SS,WSS,high,South Steens,Winter,5
SS,WSS,high,South Steens,Winter,5
SS,WSS,high,South Steens,Winter,4
SS,WSS,high,South Steens,Winter,5
SS,WSS,high,South Steens,Winter,5
SS,WSS,high,South Steens,Winter,5
SS,WSS,high,South Steens,Winter,5
SS,WSS,high,South Steens,Winter,5
SS,WSS,high,South Steens,Winter,5
SS,WSS,high,South Steens,Winter,5
SS,WSS,high,South Steens,Winter,5
SS,WSS,high,South Steens,Winter,5
SS,WSS,high,South Steens,Winter,5
SS,WSS,high,South Steens,Winter,5
SS,WSS,high,South Steens,Winter,3
SS,WSS,high,South Steens,Winter,4
SS,WSS,high,South Steens,Winter,5
SS,WSS,high,South Steens,Winter,5
SS,WSS,high,South Steens,Winter,5
SS,WSS,high,South Steens,Winter,5
SS,WSS,high,South Steens,Winter,5
SS,WSS,high,South Steens,Winter,5
SS,WSS,high,South Steens,Winter,4
PB,WPB,high,Palomino Buttes,Winter,4
PB,WPB,high,Palomino Buttes,Winter,4
PB,WPB,high,Palomino Buttes,Winter,5
PB,WPB,high,Palomino Buttes,Winter,5
PB,WPB,high,Palomino Buttes,Winter,5
PB,WPB,high,Palomino Buttes,Winter,5
PB,WPB,high,Palomino Buttes,Winter,5
PB,WPB,high,Palomino Buttes,Winter,5
PB,WPB,high,Palomino Buttes,Winter,4
PB,WPB,high,Palomino Buttes,Winter,5
PB,WPB,high,Palomino Buttes,Winter,5
PB,WPB,high,Palomino Buttes,Winter,5
PB,WPB,high,Palomino Buttes,Winter,5
PB,WPB,high,Palomino Buttes,Winter,5
PB,WPB,high,Palomino Buttes,Winter,5
PB,WPB,high,Palomino Buttes,Winter,6
PB,WPB,high,Palomino Buttes,Winter,5
PB,WPB,high,Palomino Buttes,Winter,5
PB,WPB,high,Palomino Buttes,Winter,5
PB,WPB,high,Palomino Buttes,Winter,5
PB,WPB,high,Palomino Buttes,Winter,5
PB,WPB,high,Palomino Buttes,Winter,5
PB,WPB,high,Palomino Buttes,Winter,5
PB,WPB,high,Palomino Buttes,Winter,5
PB,WPB,high,Palomino Buttes,Winter,5
PB,WPB,high,Palomino Buttes,Winter,5
PB,WPB,high,Palomino Buttes,Winter,5
PB,WPB,high,Palomino Buttes,Winter,5
PB,WPB,high,Palomino Buttes,Winter,5
PB,WPB,high,Palomino Buttes,Winter,5
PB,WPB,high,Palomino Buttes,Winter,5
PB,WPB,high,Palomino Buttes,Winter,5
PB,WPB,high,Palomino Buttes,Winter,5
PB,WPB,high,Palomino Buttes,Winter,5
PB,WPB,high,Palomino Buttes,Winter,5
PB,WPB,high,Palomino Buttes,Winter,5
PB,WPB,high,Palomino Buttes,Winter,5
PB,WPB,high,Palomino Buttes,Winter,6
PB,WPB,high,Palomino Buttes,Winter,4
PB,WPB,high,Palomino Buttes,Winter,4
SC,WSC,high,Saylor Creek,Winter,5
SC,WSC,high,Saylor Creek,Winter,5
SC,WSC,high,Saylor Creek,Winter,4
SC,WSC,high,Saylor Creek,Winter,5
SC,WSC,high,Saylor Creek,Winter,6
SC,WSC,high,Saylor Creek,Winter,5
SC,WSC,high,Saylor Creek,Winter,5
SC,WSC,high,Saylor Creek,Winter,5
SC,WSC,high,Saylor Creek,Winter,5
SC,WSC,high,Saylor Creek,Winter,6
SC,WSC,high,Saylor Creek,Winter,5
SC,WSC,high,Saylor Creek,Winter,6
SC,WSC,high,Saylor Creek,Winter,5
SC,WSC,high,Saylor Creek,Winter,5
SC,WSC,high,Saylor Creek,Winter,5
SC,WSC,high,Saylor Creek,Winter,6
SC,WSC,high,Saylor Creek,Winter,5
SC,WSC,high,Saylor Creek,Winter,5
SC,WSC,high,Saylor Creek,Winter,5
SC,WSC,high,Saylor Creek,Winter,5
SC,WSC,high,Saylor Creek,Winter,4
SC,WSC,high,Saylor Creek,Winter,4
SC,WSC,high,Saylor Creek,Winter,5
SC,WSC,high,Saylor Creek,Winter,5
SC,WSC,high,Saylor Creek,Winter,5
SC,WSC,high,Saylor Creek,Winter,5
SC,WSC,high,Saylor Creek,Winter,5
SC,WSC,high,Saylor Creek,Winter,5
SC,WSC,high,Saylor Creek,Winter,5
SC,WSC,high,Saylor Creek,Winter,5
SC,WSC,high,Saylor Creek,Winter,5
SC,WSC,high,Saylor Creek,Winter,5
SC,WSC,high,Saylor Creek,Winter,5
SC,WSC,high,Saylor Creek,Winter,5
SC,WSC,high,Saylor Creek,Winter,5
SC,WSC,high,Saylor Creek,Winter,5
SC,WSC,high,Saylor Creek,Winter,5
SC,WSC,high,Saylor Creek,Winter,5
SC,WSC,high,Saylor Creek,Winter,5
SC,WSC,high,Saylor Creek,Winter,5
SC,WSC,high,Saylor Creek,Winter,5
SC,WSC,high,Saylor Creek,Winter,5
SC,WSC,high,Saylor Creek,Winter,5
SC,WSC,high,Saylor Creek,Winter,5
SC,WSC,high,Saylor Creek,Winter,5
SC,WSC,high,Saylor Creek,Winter,5
SC,WSC,high,Saylor Creek,Winter,5
SC,WSC,high,Saylor Creek,Winter,5
SC,WSC,high,Saylor Creek,Winter,5
SW,WSW,high,Stinkingwater,Winter,5
SW,WSW,high,Stinkingwater,Winter,5
SW,WSW,high,Stinkingwater,Winter,5
SW,WSW,high,Stinkingwater,Winter,5
SW,WSW,high,Stinkingwater,Winter,5
SW,WSW,high,Stinkingwater,Winter,5
SW,WSW,high,Stinkingwater,Winter,6
SW,WSW,high,Stinkingwater,Winter,5
SW,WSW,high,Stinkingwater,Winter,5
SW,WSW,high,Stinkingwater,Winter,6
SW,WSW,high,Stinkingwater,Winter,5
SW,WSW,high,Stinkingwater,Winter,5
SW,WSW,high,Stinkingwater,Winter,5
SW,WSW,high,Stinkingwater,Winter,5
SW,WSW,high,Stinkingwater,Winter,4
SW,WSW,high,Stinkingwater,Winter,5
SW,WSW,high,Stinkingwater,Winter,5
SW,WSW,high,Stinkingwater,Winter,5
SW,WSW,high,Stinkingwater,Winter,5
SW,WSW,high,Stinkingwater,Winter,5
SW,WSW,high,Stinkingwater,Winter,5
SW,WSW,high,Stinkingwater,Winter,5
SW,WSW,high,Stinkingwater,Winter,5
SW,WSW,high,Stinkingwater,Winter,5
SW,WSW,high,Stinkingwater,Winter,5
SW,WSW,high,Stinkingwater,Winter,5
SW,WSW,high,Stinkingwater,Winter,5
SW,WSW,high,Stinkingwater,Winter,6
SW,WSW,high,Stinkingwater,Winter,5
SW,WSW,high,Stinkingwater,Winter,5
SW,WSW,high,Stinkingwater,Winter,5
SW,WSW,high,Stinkingwater,Winter,5
SW,WSW,high,Stinkingwater,Winter,6
SW,WSW,high,Stinkingwater,Winter,5
SW,WSW,high,Stinkingwater,Winter,5
SW,WSW,high,Stinkingwater,Winter,5
SW,WSW,high,Stinkingwater,Winter,5
SW,WSW,high,Stinkingwater,Winter,5
SW,WSW,high,Stinkingwater,Winter,6
SW,WSW,high,Stinkingwater,Winter,5
